﻿<parameters>
  <parameter name="IIS Web Application Name" defaultValue="Default Web Site" tags="IisApp">
    <parameterEntry kind="ProviderPath" scope="IisApp" match="^C:\\Development\\VivaDance\\Viva\.CorporateSys\.DanceMVC\\obj\\Release\\Package\\PackageTmp$" />
    <parameterEntry kind="ProviderPath" scope="setAcl" match="^C:\\Development\\VivaDance\\Viva\.CorporateSys\.DanceMVC\\obj\\Release\\Package\\PackageTmp$" />
  </parameter>
  <parameter name="dbOneDance-Web.config Connection String" defaultValue="Data Source=DAVIDYHPW8VMLIC;Initial Catalog=OneDance;Integrated Security=False;Persist Security Info=True;User ID=sa;Password=Test1234;MultipleActiveResultSets=True">
    <parameterEntry kind="XmlFile" scope="C:\\Development\\VivaDance\\Viva\.CorporateSys\.DanceMVC\\obj\\Release\\Package\\PackageTmp\\Views\\Web\.config$" match="/configuration/connectionStrings/add[@name='dbOneDance']/@connectionString" />
    <parameterEntry kind="XmlFile" scope="C:\\Development\\VivaDance\\Viva\.CorporateSys\.DanceMVC\\obj\\Release\\Package\\PackageTmp\\Web\.config$" match="/configuration/connectionStrings/add[@name='dbOneDance']/@connectionString" />
  </parameter>
</parameters>